{
  "runs": 20,
  "old": {
    "describe": {
      "n": 20,
      "mean": 1371.3020728500003,
      "p50": 1252.352167000001,
      "p95": 2624.474625,
      "tool": false
    },
    "modify": {
      "n": 20,
      "mean": 4775.383897900001,
      "p50": 4183.839749999999,
      "p95": 10776.012750000002,
      "tool": true
    }
  },
  "new": {
    "describe": {
      "n": 20,
      "mean": 577.7324499499991,
      "p50": 538.8120409999974,
      "p95": 926.3459579999908,
      "tool": false
    },
    "modify": {
      "n": 20,
      "mean": 2880.5915207000025,
      "p50": 2562.484166999988,
      "p95": 7394.365665999998,
      "tool": true
    }
  }
}