{
  "runs": 2,
  "old": {
    "modify-multi": {
      "n": 2,
      "mean": 11805.8411045,
      "p50": 14290.328709,
      "p95": 14290.328709,
      "tool": true
    }
  },
  "new": {
    "modify-multi": {
      "n": 2,
      "mean": 7836.506437500004,
      "p50": 10910.024375,
      "p95": 10910.024375,
      "tool": true
    }
  }
}